SKU,image_name
new-bay-seafood-alhambra,new-bay-seafood-alhambra
new-port-seafood-san-gabriel,new-port-seafood-san-gabriel
tin-tin-restaurant-rosemead,tin-tin-restaurant-rosemead
fu-shing-chinese-restaurant-pasadena,fu-shing-chinese-restaurant-pasadena
sea-harbour-seafood-restaurant-rosemead,sea-harbour-seafood-restaurant-rosemead
green-zone-san-gabriel,green-zone-san-gabriel
eagle-rock-green-dragon-los-angeles,eagle-rock-green-dragon-los-angeles
grandview-palace-pasadena,grandview-palace-pasadena
yang-chow-los-angeles,yang-chow-los-angeles
har-lam-kee-restaurant-monterey-park,har-lam-kee-restaurant-monterey-park
seafood-village-restaurant-temple-city,seafood-village-restaurant-temple-city
happy-family-restaurant-monterey-park-2,happy-family-restaurant-monterey-park-2
mamas-lu-dumpling-house-monterey-park-4,mamas-lu-dumpling-house-monterey-park-4
new-moon-restaurant-san-marino,new-moon-restaurant-san-marino
may-mei-restaurant-arcadia,may-mei-restaurant-arcadia
elite-restaurant-monterey-park,elite-restaurant-monterey-park
din-tai-fung-arcadia-5,din-tai-fung-arcadia-5
tasty-noodle-house-san-gabriel,tasty-noodle-house-san-gabriel
ming-yuen-el-monte,ming-yuen-el-monte
young-king-los-angeles,young-king-los-angeles
the-palace-los-angeles-2,the-palace-los-angeles-2
master-chef-restaurant-los-angeles,master-chef-restaurant-los-angeles
green-apple-china-bistro-studio-city,green-apple-china-bistro-studio-city
peking-restaurant-downey,peking-restaurant-downey
full-house-seafood-restaurant-los-angeles-3,full-house-seafood-restaurant-los-angeles-3
sea-dragon-chinese-restaurant-los-angeles,sea-dragon-chinese-restaurant-los-angeles
new-dragon-seafood-restaurant-los-angeles,new-dragon-seafood-restaurant-los-angeles
house-of-joy-chinese-restaurant-glendale,house-of-joy-chinese-restaurant-glendale
new-moon-montrose,new-moon-montrose
bamboo-cuisine-sherman-oaks,bamboo-cuisine-sherman-oaks
tams-garden-chinese-restaurant-los-angeles,tams-garden-chinese-restaurant-los-angeles
dragon-palace-santa-monica,dragon-palace-santa-monica
green-apple-china-bistro-studio-city,green-apple-china-bistro-studio-city
gourmet-88-burbank-burbank,gourmet-88-burbank-burbank
frontier-wok-too-burbank,frontier-wok-too-burbank
joy-feast-burbank,joy-feast-burbank
great-wok-burbank,great-wok-burbank
house-of-joy-chinese-restaurant-la-crescenta,house-of-joy-chinese-restaurant-la-crescenta
fortune-inn-glendale,fortune-inn-glendale
peking-china-glendale,peking-china-glendale
century-dragon-burbank-2,century-dragon-burbank-2
rice-wok-studio-city,rice-wok-studio-city
hong-kong-kitchen-glendale,hong-kong-kitchen-glendale
chi-dynasty-los-angeles,chi-dynasty-los-angeles
chens-chinese-restaurant-long-beach,chens-chinese-restaurant-long-beach
wa-wa-restaurant-long-beach-3,wa-wa-restaurant-long-beach-3
yummy-garden-long-beach,yummy-garden-long-beach
p-f-changs-china-bistro-long-beach,p-f-changs-china-bistro-long-beach
nomad-asian-bistro-long-beach,nomad-asian-bistro-long-beach
jj-chinese-express-long-beach,jj-chinese-express-long-beach
hak-heang-restaurant-long-beach,hak-heang-restaurant-long-beach
new-china-express-long-beach,new-china-express-long-beach
le-yen-chinese-family-restaurant-long-beach,le-yen-chinese-family-restaurant-long-beach
wokcano-long-beach,wokcano-long-beach
the-forbidden-city-long-beach,the-forbidden-city-long-beach
l-v-chinese-seafood-restaurant-long-beach,l-v-chinese-seafood-restaurant-long-beach
lucky-china-restaurant-carson,lucky-china-restaurant-carson
dragon-sea-bbq-restaurant-long-beach,dragon-sea-bbq-restaurant-long-beach
asian-chef-long-beach,asian-chef-long-beach
terris-kitchen-long-beach,terris-kitchen-long-beach
panda-garden-long-beach,panda-garden-long-beach
chinese-gourmet-signal-hill,chinese-gourmet-signal-hill
golden-phoenix-lakewood,golden-phoenix-lakewood
chinese-king-long-beach,chinese-king-long-beach
genwa-korean-bbq-los-angeles-2,genwa-korean-bbq-los-angeles-2
seongbukdong-los-angeles,seongbukdong-los-angeles
soowon-galbi-kbbq-restaurant-los-angeles-2,soowon-galbi-kbbq-restaurant-los-angeles-2
kang-hodong-baekjeong-los-angeles,kang-hodong-baekjeong-los-angeles
jun-won-restaurant-los-angeles,jun-won-restaurant-los-angeles
ham-ji-park-los-angeles-2,ham-ji-park-los-angeles-2
kims-kitchen-glendale,kims-kitchen-glendale
a-ri-rang-tofu-house-san-gabriel,a-ri-rang-tofu-house-san-gabriel
chunju-han-il-kwan-los-angeles,chunju-han-il-kwan-los-angeles
hae-jang-chon-korean-bbq-restaurant-los-angeles,hae-jang-chon-korean-bbq-restaurant-los-angeles
western-doma-noodles-los-angeles,western-doma-noodles-los-angeles
kobawoo-house-los-angeles,kobawoo-house-los-angeles
hong-galbi-los-angeles,hong-galbi-los-angeles
chung-ki-wa-los-angeles,chung-ki-wa-los-angeles
seoul-korean-bbq-burbank,seoul-korean-bbq-burbank
cham-korean-bistro-pasadena,cham-korean-bistro-pasadena
mapo-kkak-doo-gee-restaurant-los-angeles,mapo-kkak-doo-gee-restaurant-los-angeles
dong-ii-jang-restaurant-los-angeles,dong-ii-jang-restaurant-los-angeles
road-to-seoul-los-angeles,road-to-seoul-los-angeles
gang-nam-tofu-los-angeles,gang-nam-tofu-los-angeles
casa-de-vida-apartments-los-angeles-2,casa-de-vida-apartments-los-angeles-2
pasadena-gateway-villas-pasadena,pasadena-gateway-villas-pasadena
1111-wilshire-los-angeles-2,1111-wilshire-los-angeles-2
kenwood-mews-apartments-burbank-2,kenwood-mews-apartments-burbank-2
the-bungalows-on-madison-pasadena,the-bungalows-on-madison-pasadena
palm-court-apartments-los-angeles,palm-court-apartments-los-angeles
westgate-apartments-pasadena-3,westgate-apartments-pasadena-3
the-plaza-apartments-valley-village-3,the-plaza-apartments-valley-village-3
the-lorenzo-los-angeles,the-lorenzo-los-angeles
laguna-del-rey-playa-del-rey,laguna-del-rey-playa-del-rey
the-palazzo-communities-los-angeles,the-palazzo-communities-los-angeles
sunset-and-vine-los-angeles,sunset-and-vine-los-angeles
the-ventana-apartments-playa-vista,the-ventana-apartments-playa-vista
pacific-place-apartments-los-angeles,pacific-place-apartments-los-angeles
centrepointe-apartments-los-angeles,centrepointe-apartments-los-angeles
metro-417-los-angeles,metro-417-los-angeles
poinsettia-apartments-los-angeles-2,poinsettia-apartments-los-angeles-2
noho-park-west-north-hollywood,noho-park-west-north-hollywood
luxe-1759-luxury-apartments-los-angeles,luxe-1759-luxury-apartments-los-angeles
icis-apartment-homes-glendale,icis-apartment-homes-glendale
hana-auto-service-los-angeles,hana-auto-service-los-angeles
h-h-motor-service-alhambra,h-h-motor-service-alhambra
yosemite-auto-body-shop-los-angeles,yosemite-auto-body-shop-los-angeles
ise-automotive-los-angeles,ise-automotive-los-angeles
oris-automotive-service-center-los-angeles,oris-automotive-service-center-los-angeles
pacific-auto-service-los-angeles,pacific-auto-service-los-angeles
express-general-auto-repair-alhambra,express-general-auto-repair-alhambra
as-garage-monterey-park,as-garage-monterey-park
legit-automotive-los-angeles,legit-automotive-los-angeles
auto-trinity-glendale,auto-trinity-glendale
affordable-care-of-hollywood-los-angeles,affordable-care-of-hollywood-los-angeles
auto-repair-specialist-los-angeles,auto-repair-specialist-los-angeles
bussards-all-pro-automotive-center-los-angeles,bussards-all-pro-automotive-center-los-angeles
jim-matson-automotive-los-angeles,jim-matson-automotive-los-angeles
hi-quality-auto-body-inc-alhambra-2,hi-quality-auto-body-inc-alhambra-2
five-speed-auto-los-angeles,five-speed-auto-los-angeles
parks-auto-repair-and-tire-los-angeles,parks-auto-repair-and-tire-los-angeles
hrant-auto-service-pasadena,hrant-auto-service-pasadena
sb-automotive-downey-3,sb-automotive-downey-3
d-and-d-auto-repair-monterey-park,d-and-d-auto-repair-monterey-park
beverly-hills-unique-sports-cars-los-angeles,beverly-hills-unique-sports-cars-los-angeles
win-motors-inc-los-angeles,win-motors-inc-los-angeles
used-cars-los-angeles-los-angeles,used-cars-los-angeles-los-angeles
trade-in-solutions-los-angeles,trade-in-solutions-los-angeles
volkswagen-of-downtown-l-a-los-angeles-2,volkswagen-of-downtown-l-a-los-angeles-2
prime-time-auto-leasing-los-angeles-3,prime-time-auto-leasing-los-angeles-3
europeanautohause-pasadena-2,europeanautohause-pasadena-2
las-best-auto-sales-north-hollywood,las-best-auto-sales-north-hollywood
nissan-of-downtown-la-los-angeles,nissan-of-downtown-la-los-angeles
okuma-enterprises-inc-monterey-park,okuma-enterprises-inc-monterey-park
banzai-auto-monterey-park-3,banzai-auto-monterey-park-3
valley-dealer-exchange-glendale-2,valley-dealer-exchange-glendale-2
century-auto-leasing-and-sales-glendale,century-auto-leasing-and-sales-glendale
redline-auto-leasing-and-sales-glendale-2,redline-auto-leasing-and-sales-glendale-2
sapphire-auto-group-alhambra,sapphire-auto-group-alhambra
dream-motor-cars-los-angeles,dream-motor-cars-los-angeles
jt-car-connection-west-hollywood,jt-car-connection-west-hollywood
xpress-auto-leasing-and-sales-glendale,xpress-auto-leasing-and-sales-glendale
toyota-of-hollywood-hollywood-3,toyota-of-hollywood-hollywood-3
imx-auto-group-burbank,imx-auto-group-burbank
bestway-rent-a-car-pasadena-2,bestway-rent-a-car-pasadena-2
mpg-car-rental-venice,mpg-car-rental-venice
pro-car-rentals-inc-los-angeles-2,pro-car-rentals-inc-los-angeles-2
avis-rent-a-car-los-angeles-10,avis-rent-a-car-los-angeles-10
enterprise-rent-a-car-los-angeles-41,enterprise-rent-a-car-los-angeles-41
avis-los-angeles-3,avis-los-angeles-3
black-and-white-car-rental-inglewood,black-and-white-car-rental-inglewood
enterprise-rent-a-car-los-angeles-40,enterprise-rent-a-car-los-angeles-40
xpress-auto-rentals-downey,xpress-auto-rentals-downey
budget-rent-a-car-glendale-3,budget-rent-a-car-glendale-3
hollywood-star-rent-a-car-los-angeles,hollywood-star-rent-a-car-los-angeles
midway-car-rental-lax-los-angeles,midway-car-rental-lax-los-angeles
enterprise-rent-a-car-los-angeles-6,enterprise-rent-a-car-los-angeles-6
avis-rent-a-car-alhambra,avis-rent-a-car-alhambra
enterprise-rent-a-car-bell-2,enterprise-rent-a-car-bell-2
enterprise-rent-a-car-alhambra,enterprise-rent-a-car-alhambra
california-rent-a-car-los-angeles,california-rent-a-car-los-angeles
alg-lawyers-immigration-law-firm-los-angeles-2,alg-lawyers-immigration-law-firm-los-angeles-2
wilner-and-o-reilly-immigration-law-firm-orange-2,wilner-and-o-reilly-immigration-law-firm-orange-2
root-law-group-los-angeles,root-law-group-los-angeles
law-offices-of-david-inpyo-lee-and-associates-los-angeles,law-offices-of-david-inpyo-lee-and-associates-los-angeles
maximilian-law-inc-los-angeles,maximilian-law-inc-los-angeles
fong-and-chun-llp-los-angeles-2,fong-and-chun-llp-los-angeles-2
jane-oak-and-associates-pc-los-angeles,jane-oak-and-associates-pc-los-angeles
the-jacobson-law-firm-apc-los-angeles-3,the-jacobson-law-firm-apc-los-angeles-3
varzandeh-anderson-llp-los-angeles-3,varzandeh-anderson-llp-los-angeles-3
kaass-law-glendale,kaass-law-glendale
gk-law-firm-beverly-hills,gk-law-firm-beverly-hills
law-office-of-sumeet-lall-los-angeles,law-office-of-sumeet-lall-los-angeles
dijulio-law-group-los-angeles,dijulio-law-group-los-angeles
strassburg-gilmore-and-wei-llp-pasadena-2,strassburg-gilmore-and-wei-llp-pasadena-2
law-offices-of-andre-boghosian-glendale,law-offices-of-andre-boghosian-glendale
the-aguirre-law-firm-los-angeles-2,the-aguirre-law-firm-los-angeles-2
maven-law-firm-los-angeles,maven-law-firm-los-angeles
romben-aquino-pasadena,romben-aquino-pasadena
angelini-osteria-los-angeles,angelini-osteria-los-angeles
da-pasquale-restaurant-beverly-hills,da-pasquale-restaurant-beverly-hills
di-pillas-italian-restaurant-rosemead,di-pillas-italian-restaurant-rosemead
eatalian-cafe-gardena,eatalian-cafe-gardena
gales-pasadena,gales-pasadena
il-capriccio-on-vermont-los-angeles,il-capriccio-on-vermont-los-angeles
colori-kitchen-los-angeles,colori-kitchen-los-angeles
il-pastaio-restaurant-beverly-hills,il-pastaio-restaurant-beverly-hills
osteria-la-buca-hollywood,osteria-la-buca-hollywood
far-niente-glendale,far-niente-glendale
michelangelo-ristorante-los-angeles-2,michelangelo-ristorante-los-angeles-2
farfalla-trattoria-los-angeles,farfalla-trattoria-los-angeles
trattoria-bella-roma-los-angeles,trattoria-bella-roma-los-angeles
osteria-mamma-los-angeles,osteria-mamma-los-angeles
all-angolo-pizza-and-pasta-los-angeles,all-angolo-pizza-and-pasta-los-angeles
andres-italian-restaurant-los-angeles,andres-italian-restaurant-los-angeles
maccheroni-republic-los-angeles,maccheroni-republic-los-angeles
brunello-trattoria-culver-city,brunello-trattoria-culver-city
palermo-ristorante-italiano-los-angeles,palermo-ristorante-italiano-los-angeles
otomisan-restaurant-los-angeles,otomisan-restaurant-los-angeles
daichan-studio-city,daichan-studio-city
shojin-downtown-los-angeles,shojin-downtown-los-angeles
azuma-japanese-restaurant-gardena,azuma-japanese-restaurant-gardena
suehiro-cafe-los-angeles,suehiro-cafe-los-angeles
sushi-gen-los-angeles,sushi-gen-los-angeles
sanuki-no-sato-gardena,sanuki-no-sato-gardena
oomasa-los-angeles,oomasa-los-angeles
taihei-monterey-park,taihei-monterey-park
honda-ya-izakaya-los-angeles,honda-ya-izakaya-los-angeles
irori-japanese-restaurant-marina-del-rey-2,irori-japanese-restaurant-marina-del-rey-2
buko-restaurant-glendale,buko-restaurant-glendale
matsuri-pasadena,matsuri-pasadena
matsuhisa-beverly-hills,matsuhisa-beverly-hills
geko-tei-cerritos,geko-tei-cerritos
musha-restaurant-santa-monica,musha-restaurant-santa-monica
restaurant-komasa-los-angeles,restaurant-komasa-los-angeles
robata-jinya-los-angeles,robata-jinya-los-angeles
sakura-japanese-restaurant-los-angeles,sakura-japanese-restaurant-los-angeles
yuko-kitchen-los-angeles,yuko-kitchen-los-angeles
la-casita-mexicana-bell,la-casita-mexicana-bell
la-serenata-de-garibaldi-los-angeles-2,la-serenata-de-garibaldi-los-angeles-2
el-compadre-restaurant-los-angeles,el-compadre-restaurant-los-angeles
casa-sanchez-los-angeles,casa-sanchez-los-angeles
avilas-el-ranchito-mexican-restaurant-huntington-park,avilas-el-ranchito-mexican-restaurant-huntington-park
caramba-mexican-food-and-cocktails-alhambra,caramba-mexican-food-and-cocktails-alhambra
yxta-cocina-mexicana-los-angeles,yxta-cocina-mexicana-los-angeles
guelaguetza-restaurante-los-angeles,guelaguetza-restaurante-los-angeles
taqueria-los-anaya-los-angeles,taqueria-los-anaya-los-angeles
lares-restaurant-santa-monica,lares-restaurant-santa-monica
zacatecas-restaurant-hawthorne,zacatecas-restaurant-hawthorne
el-arco-iris-los-angeles,el-arco-iris-los-angeles
el-cholo-los-angeles,el-cholo-los-angeles
manuels-original-el-tepeyac-cafe-los-angeles,manuels-original-el-tepeyac-cafe-los-angeles
casita-del-campo-los-angeles,casita-del-campo-los-angeles
amigos-restaurant-pasadena,amigos-restaurant-pasadena
babita-restaurant-san-gabriel,babita-restaurant-san-gabriel
pacos-tacos-los-angeles,pacos-tacos-los-angeles
casa-de-ramos-glendale,casa-de-ramos-glendale
the-glendale-tap-glendale,the-glendale-tap-glendale
the-black-sheep-los-angeles,the-black-sheep-los-angeles
library-bar-los-angeles,library-bar-los-angeles
blue-palms-brewhouse-los-angeles,blue-palms-brewhouse-los-angeles
red-lion-tavern-los-angeles,red-lion-tavern-los-angeles
38-degrees-ale-house-and-grill-alhambra,38-degrees-ale-house-and-grill-alhambra
neat-bar-glendale,neat-bar-glendale
eden-burger-bar-glendale,eden-burger-bar-glendale
tonys-darts-away-burbank,tonys-darts-away-burbank
wirtshaus-los-angeles,wirtshaus-los-angeles
tokyo-fried-chicken-co-monterey-park,tokyo-fried-chicken-co-monterey-park
caseys-irish-pub-los-angeles-3,caseys-irish-pub-los-angeles-3
lucky-baldwins-pasadena,lucky-baldwins-pasadena
tom-bergins-public-house-los-angeles,tom-bergins-public-house-los-angeles
the-brickyard-pub-los-angeles-3,the-brickyard-pub-los-angeles-3
jamesons-irish-pub-los-angeles,jamesons-irish-pub-los-angeles
the-wilde-thistle-los-angeles-2,the-wilde-thistle-los-angeles-2
hyperion-tavern-los-angeles,hyperion-tavern-los-angeles
congregation-ale-house-pasadena,congregation-ale-house-pasadena
the-greyhound-bar-and-grill-los-angeles,the-greyhound-bar-and-grill-los-angeles
camilles-barber-and-hair-styling-salon-culver-city,camilles-barber-and-hair-styling-salon-culver-city
georges-barber-and-hair-styling-salon-culver-city,georges-barber-and-hair-styling-salon-culver-city
stakelys-barber-and-hair-salon-los-angeles,stakelys-barber-and-hair-salon-los-angeles
venice-blvd-barber-shop-and-hair-salon-los-angeles,venice-blvd-barber-shop-and-hair-salon-los-angeles
new-era-barber-shop-and-hair-salon-long-beach,new-era-barber-shop-and-hair-salon-long-beach
a-1-hair-salon-and-barber-torrance,a-1-hair-salon-and-barber-torrance
oc-barber-and-hair-salon-anaheim-2,oc-barber-and-hair-salon-anaheim-2
hector-at-trojan-barber-shop-los-angeles,hector-at-trojan-barber-shop-los-angeles
imperial-barber-shop-los-angele,imperial-barber-shop-los-angele
manic-panic-salon-of-highland-park-los-angeles,manic-panic-salon-of-highland-park-los-angeles
vinh-hair-salon-alhambra,vinh-hair-salon-alhambra
christopher-styles-barber-spa-valley-village-2,christopher-styles-barber-spa-valley-village-2
capsule-barbershop-los-angeles,capsule-barbershop-los-angeles
curt-darling-salon-los-angeles,curt-darling-salon-los-angeles
this-or-die-salon-los-angeles,this-or-die-salon-los-angeles
brenton-lee-salon-south-pasadena,brenton-lee-salon-south-pasadena
vinnys-barber-shop-los-angeles,vinnys-barber-shop-los-angeles
park-plaza-barber-shop-los-angeles,park-plaza-barber-shop-los-angeles
richie-the-barber-west-hollywood,richie-the-barber-west-hollywood
the-grove-los-angeles-2,the-grove-los-angeles-2
old-town-pasadena-pasadena,old-town-pasadena-pasadena
glendale-galleria-glendale,glendale-galleria-glendale
that-jean-shop-los-angeles,that-jean-shop-los-angeles
japanese-village-plaza-los-angeles,japanese-village-plaza-los-angeles
hollywood-and-highland-center-hollywood,hollywood-and-highland-center-hollywood
westfield-century-city-losangeles,westfield-century-city-losangeles
co-op-28-handmade-and-vintage-los-angeles-2,co-op-28-handmade-and-vintage-los-angeles-2
the-santee-alley-los-angeles,the-santee-alley-los-angeles
the-americana-at-brand-glendale,the-americana-at-brand-glendale
beverly-center-los-angeles-2,beverly-center-los-angeles-2
lemon-frog-shop-los-angeles,lemon-frog-shop-los-angeles
third-street-promenade-santa-monica,third-street-promenade-santa-monica
la-fashion-district-bid-los-angeles,la-fashion-district-bid-los-angeles
koreatown-galleria-los-angeles,koreatown-galleria-los-angeles
general-quarters-los-angeles-2,general-quarters-los-angeles-2
westfield-santa-anita-arcadia,westfield-santa-anita-arcadia
space-15-twenty-los-angeles,space-15-twenty-los-angeles
poketo-los-angeles,poketo-los-angeles
empire-center-burbank,empire-center-burbank
wi-spa-los-angeles-2,wi-spa-los-angeles-2
natura-spa-los-angeles,natura-spa-los-angeles
spa-benjamin-mar-vista,spa-benjamin-mar-vista
olympic-spa-los-angeles,olympic-spa-los-angeles
rejuvayou-medical-spa-south-pasadena,rejuvayou-medical-spa-south-pasadena
spa-glisten-glendale,spa-glisten-glendale
dtox-day-spa-los-angeles,dtox-day-spa-los-angeles
ra-organic-spa-burbank,ra-organic-spa-burbank
century-day-and-night-spa-los-angeles,century-day-and-night-spa-los-angeles
the-garden-spat-organic-skin-care-eagle-rock,the-garden-spat-organic-skin-care-eagle-rock
carasoin-day-spa-and-skin-clinic-los-angeles-2,carasoin-day-spa-and-skin-clinic-los-angeles-2
o-u-beauty-medical-spa-glendale-2,o-u-beauty-medical-spa-glendale-2
the-lounge-spa-culver-city-2,the-lounge-spa-culver-city-2
skincare-peridot-los-angeles,skincare-peridot-los-angeles
ole-henriksen-face-and-body-spa-west-hollywood,ole-henriksen-face-and-body-spa-west-hollywood
talar-beauty-advanced-aesthetics-los-angeles,talar-beauty-advanced-aesthetics-los-angeles
touch-of-faith-aesthetics-los-angeles,touch-of-faith-aesthetics-los-angeles
stairway-to-heaven-spa-pasadena,stairway-to-heaven-spa-pasadena
angels-medspa-los-angeles-burbank-2,angels-medspa-los-angeles-burbank-2
grand-spa-los-angeles,grand-spa-los-angeles
conservatory-for-coffee-tea-and-cocoa-culver-city,conservatory-for-coffee-tea-and-cocoa-culver-city
hwa-sun-ji-tea-and-coffee-los-angeles,hwa-sun-ji-tea-and-coffee-los-angeles
cafe-dulce-los-angeles,cafe-dulce-los-angeles
intelligentsia-coffee-los-angeles-4,intelligentsia-coffee-los-angeles-4
bird-pick-tea-and-herb-pasadena,bird-pick-tea-and-herb-pasadena
copa-vida-pasadena,copa-vida-pasadena
urth-caffe-los-angeles,urth-caffe-los-angeles
barista-society-coffee-boutique-los-angeles,barista-society-coffee-boutique-los-angeles
flour-tea-pasadena,flour-tea-pasadena
bricks-and-scones-los-angeles,bricks-and-scones-los-angeles
ozero-tea-and-desserts-los-angeles,ozero-tea-and-desserts-los-angeles
urth-caffe-west-hollywood,urth-caffe-west-hollywood
de-cafe-baristas-monterey-park,de-cafe-baristas-monterey-park
paradocs-coffee-and-tea-los-angeles,paradocs-coffee-and-tea-los-angeles
demitasse-los-angeles,demitasse-los-angeles
balconi-coffee-company-los-angeles,balconi-coffee-company-los-angeles
factory-tea-bar-san-gabriel,factory-tea-bar-san-gabriel
lamill-coffee-los-angeles,lamill-coffee-los-angeles
macchiato-monterey-park,macchiato-monterey-park
pa-ord-noodle-los-angeles,pa-ord-noodle-los-angeles
arayas-place-thai-vegan-restaurant-los-angeles,arayas-place-thai-vegan-restaurant-los-angeles
jade-siam-restaurants-huntington-park,jade-siam-restaurants-huntington-park
palms-thai-restaurant-los-angeles,palms-thai-restaurant-los-angeles
ruen-pair-los-angeles,ruen-pair-los-angeles
the-rustic-spoon-north-hollywood,the-rustic-spoon-north-hollywood
wat-dong-moon-lek-noodle-los-angeles-60,wat-dong-moon-lek-noodle-los-angeles-60
nawa-thai-cuisine-montebello-2,nawa-thai-cuisine-montebello-2
galanga-thai-fusion-west-hollywood,galanga-thai-fusion-west-hollywood
kozy-korner-thai-cuisine-glendale,kozy-korner-thai-cuisine-glendale
sanamluang-cafe-los-angeles,sanamluang-cafe-los-angeles
ayara-thai-cuisine-los-angeles,ayara-thai-cuisine-los-angeles
hoy-ka-thai-noodles-los-angeles,hoy-ka-thai-noodles-los-angeles
thai-original-bbq-and-restaurant-los-angeles,thai-original-bbq-and-restaurant-los-angeles
its-thai-hometaurant-los-angeles,its-thai-hometaurant-los-angeles
thai-food-express-glendale,thai-food-express-glendale
mae-ploy-restaurant-los-angeles-2,mae-ploy-restaurant-los-angeles-2
bowl-thai-gardena,bowl-thai-gardena
si-laa-los-angeles,si-laa-los-angeles
blossom-restaurant-los-angeles-2,blossom-restaurant-los-angeles-2
mama-hongs-vietnamese-kitchen-burbank,mama-hongs-vietnamese-kitchen-burbank
golden-deli-san-gabriel,golden-deli-san-gabriel
nem-nuong-khanh-hoa-alhambra,nem-nuong-khanh-hoa-alhambra
saigon-dish-lawndale,saigon-dish-lawndale
blossom-vietnamese-restaurant-los-angeles-2,blossom-vietnamese-restaurant-los-angeles-2
pho-ever-restaurant-gardena,pho-ever-restaurant-gardena
nong-la-cafe-los-angeles,nong-la-cafe-los-angeles
vietnam-restaurant-san-gabriel,vietnam-restaurant-san-gabriel
viet-huong-restaurant-el-monte,viet-huong-restaurant-el-monte
vien-cafe-los-angeles,vien-cafe-los-angeles
east-borough-culver-city,east-borough-culver-city
thai-lai-restaurant-hawthorne,thai-lai-restaurant-hawthorne
pho-cafe-los-angeles,pho-cafe-los-angeles
pho-87-los-angeles,pho-87-los-angeles
lemongrass-los-angeles,lemongrass-los-angeles
xoia-vietnamese-eats-los-angeles,xoia-vietnamese-eats-los-angeles
viet-noodle-bar-los-angeles,viet-noodle-bar-los-angeles
le-saigon-los-angeles,le-saigon-los-angeles
golden-deli-temple-city-3,golden-deli-temple-city-3
